{
  "DLSVersion": "2.1.6",
  "Name": "4-Bit Adder",
  "NameLocation": 0,
  "ChipType": 0,
  "Size": {
    "x": 1.025,
    "y": 1.0
  },
  "Colour": {
    "r": 0.11323411,
    "g": 0.6577676,
    "b": 0.5427455,
    "a": 1
  },
  "InputPins":[
    {
      "Name":"A",
      "ID":282794921,
      "Position":{
        "x":-10.75,
        "y":5.5
      },
      "BitCount":4,
      "Colour":0,
      "ValueDisplayMode":1
    },
    {
      "Name":"B",
      "ID":111610736,
      "Position":{
        "x":-10.75,
        "y":3.6875
      },
      "BitCount":4,
      "Colour":0,
      "ValueDisplayMode":1
    },
    {
      "Name":"Carry in",
      "ID":1052717498,
      "Position":{
        "x":-10.75,
        "y":1.625
      },
      "BitCount":1,
      "Colour":0,
      "ValueDisplayMode":0
    }
  ],
  "OutputPins":[
    {
      "Name":"SOMA",
      "ID":2099834496,
      "Position":{
        "x":12.21557,
        "y":4.0
      },
      "BitCount":4,
      "Colour":0,
      "ValueDisplayMode":1
    },
    {
      "Name":"CARRY OUT",
      "ID":381505201,
      "Position":{
        "x":12.21557,
        "y":1.9375
      },
      "BitCount":1,
      "Colour":0,
      "ValueDisplayMode":0
    }
  ],
  "SubChips":[
    {
      "Name":"Full-Adder",
      "ID":1019691247,
      "Label":"FA0",
      "Position":{
        "x":-3.0525,
        "y":3.0625
      },
      "OutputPinColourInfo":[{"PinColour":0,"PinID":818531776},{"PinColour":0,"PinID":887230422}],
      "InternalData":null
    },
    {
      "Name":"Full-Adder",
      "ID":1944401801,
      "Label":"FA1",
      "Position":{
        "x":0.1975,
        "y":3.0625
      },
      "OutputPinColourInfo":[{"PinColour":0,"PinID":818531776},{"PinColour":0,"PinID":887230422}],
      "InternalData":null
    },
    {
      "Name":"Full-Adder",
      "ID":450533235,
      "Label":"FA2",
      "Position":{
        "x":3.3225,
        "y":3.0625
      },
      "OutputPinColourInfo":[{"PinColour":0,"PinID":818531776},{"PinColour":0,"PinID":887230422}],
      "InternalData":null
    },
    {
      "Name":"Full-Adder",
      "ID":458081362,
      "Label":"FA3",
      "Position":{
        "x":6.4475,
        "y":3.0625
      },
      "OutputPinColourInfo":[{"PinColour":0,"PinID":818531776},{"PinColour":0,"PinID":887230422}],
      "InternalData":null
    },
    {
      "Name":"4-1BIT",
      "ID":1872607550,
      "Label":"",
      "Position":{
        "x":-7.9275,
        "y":5.5
      },
      "OutputPinColourInfo":[{"PinColour":0,"PinID":1},{"PinColour":0,"PinID":2},{"PinColour":0,"PinID":3},{"PinColour":0,"PinID":4}],
      "InternalData":null
    },
    {
      "Name":"4-1BIT",
      "ID":511758658,
      "Label":"",
      "Position":{
        "x":-7.9275,
        "y":3.6875
      },
      "OutputPinColourInfo":[{"PinColour":0,"PinID":1},{"PinColour":0,"PinID":2},{"PinColour":0,"PinID":3},{"PinColour":0,"PinID":4}],
      "InternalData":null
    },
    {
      "Name":"1-4BIT",
      "ID":1261258188,
      "Label":"",
      "Position":{
        "x":10.0725,
        "y":4.0
      },
      "OutputPinColourInfo":[{"PinColour":0,"PinID":4}],
      "InternalData":null
    }
  ],
  "Wires":[
    {
      "SourcePinAddress":{
        "PinID":0,
        "PinOwnerID":282794921
      },
      "TargetPinAddress":{
        "PinID":0,
        "PinOwnerID":1872607550
      },
      "ConnectionType":0,
      "ConnectedWireIndex":-1,
      "ConnectedWireSegmentIndex":-1,
      "Points":[{"x":0.0,"y":0.0},{"x":0.0,"y":0.0}]
    },
    {
      "SourcePinAddress":{
        "PinID":0,
        "PinOwnerID":111610736
      },
      "TargetPinAddress":{
        "PinID":0,
        "PinOwnerID":511758658
      },
      "ConnectionType":0,
      "ConnectedWireIndex":-1,
      "ConnectedWireSegmentIndex":-1,
      "Points":[{"x":0.0,"y":0.0},{"x":0.0,"y":0.0}]
    },
    {
      "SourcePinAddress":{
        "PinID":4,
        "PinOwnerID":1872607550
      },
      "TargetPinAddress":{
        "PinID":776142731,
        "PinOwnerID":1019691247
      },
      "ConnectionType":0,
      "ConnectedWireIndex":-1,
      "ConnectedWireSegmentIndex":-1,
      "Points":[{"x":0.0,"y":0.0},{"x":-5.125,"y":5.125},{"x":-5.125,"y":3.3125},{"x":0.0,"y":0.0}]
    },
    {
      "SourcePinAddress":{
        "PinID":3,
        "PinOwnerID":1872607550
      },
      "TargetPinAddress":{
        "PinID":776142731,
        "PinOwnerID":1944401801
      },
      "ConnectionType":0,
      "ConnectedWireIndex":-1,
      "ConnectedWireSegmentIndex":-1,
      "Points":[{"x":0.0,"y":0.0},{"x":-1.375,"y":5.375},{"x":-1.375,"y":3.3125},{"x":0.0,"y":0.0}]
    },
    {
      "SourcePinAddress":{
        "PinID":2,
        "PinOwnerID":1872607550
      },
      "TargetPinAddress":{
        "PinID":776142731,
        "PinOwnerID":450533235
      },
      "ConnectionType":0,
      "ConnectedWireIndex":-1,
      "ConnectedWireSegmentIndex":-1,
      "Points":[{"x":0.0,"y":0.0},{"x":1.4375,"y":5.625},{"x":1.625,"y":5.625},{"x":1.9375,"y":5.625},{"x":1.9375,"y":3.3125},{"x":0.0,"y":0.0}]
    },
    {
      "SourcePinAddress":{
        "PinID":1,
        "PinOwnerID":1872607550
      },
      "TargetPinAddress":{
        "PinID":776142731,
        "PinOwnerID":458081362
      },
      "ConnectionType":0,
      "ConnectedWireIndex":-1,
      "ConnectedWireSegmentIndex":-1,
      "Points":[{"x":0.0,"y":0.0},{"x":5.0625,"y":5.875},{"x":5.0625,"y":3.3125},{"x":0.0,"y":0.0}]
    },
    {
      "SourcePinAddress":{
        "PinID":4,
        "PinOwnerID":511758658
      },
      "TargetPinAddress":{
        "PinID":1361114240,
        "PinOwnerID":1019691247
      },
      "ConnectionType":0,
      "ConnectedWireIndex":-1,
      "ConnectedWireSegmentIndex":-1,
      "Points":[{"x":0.0,"y":0.0},{"x":-5.625,"y":3.3125},{"x":-5.625,"y":3.125},{"x":-5.625,"y":3.0625},{"x":0.0,"y":0.0}]
    },
    {
      "SourcePinAddress":{
        "PinID":3,
        "PinOwnerID":511758658
      },
      "TargetPinAddress":{
        "PinID":1361114240,
        "PinOwnerID":1944401801
      },
      "ConnectionType":0,
      "ConnectedWireIndex":-1,
      "ConnectedWireSegmentIndex":-1,
      "Points":[{"x":0.0,"y":0.0},{"x":-1.5625,"y":3.5625},{"x":-1.5625,"y":3.0625},{"x":0.0,"y":0.0}]
    },
    {
      "SourcePinAddress":{
        "PinID":2,
        "PinOwnerID":511758658
      },
      "TargetPinAddress":{
        "PinID":1361114240,
        "PinOwnerID":450533235
      },
      "ConnectionType":0,
      "ConnectedWireIndex":-1,
      "ConnectedWireSegmentIndex":-1,
      "Points":[{"x":0.0,"y":0.0},{"x":1.6875,"y":3.8125},{"x":1.6875,"y":3.0625},{"x":0.0,"y":0.0}]
    },
    {
      "SourcePinAddress":{
        "PinID":1,
        "PinOwnerID":511758658
      },
      "TargetPinAddress":{
        "PinID":1361114240,
        "PinOwnerID":458081362
      },
      "ConnectionType":0,
      "ConnectedWireIndex":-1,
      "ConnectedWireSegmentIndex":-1,
      "Points":[{"x":0.0,"y":0.0},{"x":4.75,"y":4.0625},{"x":4.75,"y":3.0625},{"x":0.0,"y":0.0}]
    },
    {
      "SourcePinAddress":{
        "PinID":0,
        "PinOwnerID":1052717498
      },
      "TargetPinAddress":{
        "PinID":963688544,
        "PinOwnerID":1019691247
      },
      "ConnectionType":0,
      "ConnectedWireIndex":-1,
      "ConnectedWireSegmentIndex":-1,
      "Points":[{"x":0.0,"y":0.0},{"x":-5.6875,"y":1.625},{"x":-5.6875,"y":2.8125},{"x":0.0,"y":0.0}]
    },
    {
      "SourcePinAddress":{
        "PinID":887230422,
        "PinOwnerID":1019691247
      },
      "TargetPinAddress":{
        "PinID":963688544,
        "PinOwnerID":1944401801
      },
      "ConnectionType":0,
      "ConnectedWireIndex":-1,
      "ConnectedWireSegmentIndex":-1,
      "Points":[{"x":0.0,"y":0.0},{"x":0.0,"y":0.0}]
    },
    {
      "SourcePinAddress":{
        "PinID":887230422,
        "PinOwnerID":1944401801
      },
      "TargetPinAddress":{
        "PinID":963688544,
        "PinOwnerID":450533235
      },
      "ConnectionType":0,
      "ConnectedWireIndex":-1,
      "ConnectedWireSegmentIndex":-1,
      "Points":[{"x":0.0,"y":0.0},{"x":0.0,"y":0.0}]
    },
    {
      "SourcePinAddress":{
        "PinID":887230422,
        "PinOwnerID":450533235
      },
      "TargetPinAddress":{
        "PinID":963688544,
        "PinOwnerID":458081362
      },
      "ConnectionType":0,
      "ConnectedWireIndex":-1,
      "ConnectedWireSegmentIndex":-1,
      "Points":[{"x":0.0,"y":0.0},{"x":0.0,"y":0.0}]
    },
    {
      "SourcePinAddress":{
        "PinID":887230422,
        "PinOwnerID":458081362
      },
      "TargetPinAddress":{
        "PinID":0,
        "PinOwnerID":381505201
      },
      "ConnectionType":0,
      "ConnectedWireIndex":-1,
      "ConnectedWireSegmentIndex":-1,
      "Points":[{"x":0.0,"y":0.0},{"x":8.958,"y":2.8125},{"x":8.958,"y":1.875},{"x":0.0,"y":0.0}]
    },
    {
      "SourcePinAddress":{
        "PinID":4,
        "PinOwnerID":1261258188
      },
      "TargetPinAddress":{
        "PinID":0,
        "PinOwnerID":2099834496
      },
      "ConnectionType":0,
      "ConnectedWireIndex":-1,
      "ConnectedWireSegmentIndex":-1,
      "Points":[{"x":0.0,"y":0.0},{"x":0.0,"y":0.0}]
    },
    {
      "SourcePinAddress":{
        "PinID":818531776,
        "PinOwnerID":1944401801
      },
      "TargetPinAddress":{
        "PinID":2,
        "PinOwnerID":1261258188
      },
      "ConnectionType":0,
      "ConnectedWireIndex":-1,
      "ConnectedWireSegmentIndex":-1,
      "Points":[{"x":0.0,"y":0.0},{"x":1.5182,"y":3.3125},{"x":1.5182,"y":4.68125},{"x":8.51637,"y":4.68125},{"x":8.51637,"y":3.875},{"x":0.0,"y":0.0}]
    },
    {
      "SourcePinAddress":{
        "PinID":818531776,
        "PinOwnerID":1019691247
      },
      "TargetPinAddress":{
        "PinID":3,
        "PinOwnerID":1261258188
      },
      "ConnectionType":0,
      "ConnectedWireIndex":-1,
      "ConnectedWireSegmentIndex":-1,
      "Points":[{"x":0.0,"y":0.0},{"x":-1.81103,"y":3.3125},{"x":-1.81103,"y":4.27359},{"x":8.02378,"y":4.27359},{"x":8.02378,"y":3.625},{"x":0.0,"y":0.0}]
    },
    {
      "SourcePinAddress":{
        "PinID":818531776,
        "PinOwnerID":450533235
      },
      "TargetPinAddress":{
        "PinID":1,
        "PinOwnerID":1261258188
      },
      "ConnectionType":0,
      "ConnectedWireIndex":-1,
      "ConnectedWireSegmentIndex":-1,
      "Points":[{"x":0.0,"y":0.0},{"x":4.5,"y":3.3125},{"x":4.5,"y":4.4375},{"x":8.25,"y":4.4375},{"x":8.25,"y":4.125},{"x":0.0,"y":0.0}]
    },
    {
      "SourcePinAddress":{
        "PinID":818531776,
        "PinOwnerID":458081362
      },
      "TargetPinAddress":{
        "PinID":0,
        "PinOwnerID":1261258188
      },
      "ConnectionType":0,
      "ConnectedWireIndex":-1,
      "ConnectedWireSegmentIndex":-1,
      "Points":[{"x":0.0,"y":0.0},{"x":7.6875,"y":3.3125},{"x":7.6875,"y":4.5625},{"x":9.0625,"y":4.5625},{"x":9.0625,"y":4.3125},{"x":0.0,"y":0.0}]
    }
  ],
  "Displays": null
}