{
  "DLSVersion": "2.1.6",
  "Name": "Full-Adder",
  "NameLocation": 0,
  "ChipType": 0,
  "Size": {
    "x": 1.625,
    "y": 0.75
  },
  "Colour": {
    "r": 0.47126615,
    "g": 0.577330947,
    "b": 0.783149362,
    "a": 1
  },
  "InputPins":[
    {
      "Name":"A",
      "ID":776142731,
      "Position":{
        "x":-6.75,
        "y":3.5625
      },
      "BitCount":1,
      "Colour":0,
      "ValueDisplayMode":0
    },
    {
      "Name":"B",
      "ID":1361114240,
      "Position":{
        "x":-6.75,
        "y":2.5
      },
      "BitCount":1,
      "Colour":0,
      "ValueDisplayMode":0
    },
    {
      "Name":"C",
      "ID":963688544,
      "Position":{
        "x":-6.75,
        "y":1.3125
      },
      "BitCount":1,
      "Colour":0,
      "ValueDisplayMode":0
    }
  ],
  "OutputPins":[
    {
      "Name":"SOMA",
      "ID":818531776,
      "Position":{
        "x":6.0,
        "y":3.06771
      },
      "BitCount":1,
      "Colour":0,
      "ValueDisplayMode":0
    },
    {
      "Name":"CARRY",
      "ID":887230422,
      "Position":{
        "x":6.0,
        "y":0.13802
      },
      "BitCount":1,
      "Colour":0,
      "ValueDisplayMode":0
    }
  ],
  "SubChips":[
    {
      "Name":"XOR",
      "ID":1178738255,
      "Label":"",
      "Position":{
        "x":-3.59375,
        "y":3.07292
      },
      "OutputPinColourInfo":[{"PinColour":0,"PinID":1581499787}],
      "InternalData":null
    },
    {
      "Name":"XOR",
      "ID":1851005100,
      "Label":"",
      "Position":{
        "x":0.0475,
        "y":3.0625
      },
      "OutputPinColourInfo":[{"PinColour":0,"PinID":1581499787}],
      "InternalData":null
    },
    {
      "Name":"AND",
      "ID":1860223935,
      "Label":"",
      "Position":{
        "x":0.0475,
        "y":0.75
      },
      "OutputPinColourInfo":[{"PinColour":0,"PinID":1626355280}],
      "InternalData":null
    },
    {
      "Name":"AND",
      "ID":887139393,
      "Label":"",
      "Position":{
        "x":0.10417,
        "y":-0.6875
      },
      "OutputPinColourInfo":[{"PinColour":0,"PinID":1626355280}],
      "InternalData":null
    },
    {
      "Name":"OR",
      "ID":18691940,
      "Label":"",
      "Position":{
        "x":2.4725,
        "y":0.125
      },
      "OutputPinColourInfo":[{"PinColour":0,"PinID":62732537}],
      "InternalData":null
    }
  ],
  "Wires":[
    {
      "SourcePinAddress":{
        "PinID":0,
        "PinOwnerID":776142731
      },
      "TargetPinAddress":{
        "PinID":1439155703,
        "PinOwnerID":1178738255
      },
      "ConnectionType":0,
      "ConnectedWireIndex":-1,
      "ConnectedWireSegmentIndex":-1,
      "Points":[{"x":0.0,"y":0.0},{"x":-4.57031,"y":3.5625},{"x":-4.57031,"y":3.3724},{"x":0.0,"y":0.0}]
    },
    {
      "SourcePinAddress":{
        "PinID":0,
        "PinOwnerID":1361114240
      },
      "TargetPinAddress":{
        "PinID":238309098,
        "PinOwnerID":1178738255
      },
      "ConnectionType":0,
      "ConnectedWireIndex":-1,
      "ConnectedWireSegmentIndex":-1,
      "Points":[{"x":0.0,"y":0.0},{"x":-4.66146,"y":2.5},{"x":-4.66146,"y":2.7474},{"x":0.0,"y":0.0}]
    },
    {
      "SourcePinAddress":{
        "PinID":1581499787,
        "PinOwnerID":1178738255
      },
      "TargetPinAddress":{
        "PinID":1439155703,
        "PinOwnerID":1851005100
      },
      "ConnectionType":0,
      "ConnectedWireIndex":-1,
      "ConnectedWireSegmentIndex":-1,
      "Points":[{"x":0.0,"y":0.0},{"x":-1.8099,"y":3.07292},{"x":-1.8099,"y":3.3724},{"x":0.0,"y":0.0}]
    },
    {
      "SourcePinAddress":{
        "PinID":62732537,
        "PinOwnerID":18691940
      },
      "TargetPinAddress":{
        "PinID":0,
        "PinOwnerID":887230422
      },
      "ConnectionType":0,
      "ConnectedWireIndex":-1,
      "ConnectedWireSegmentIndex":-1,
      "Points":[{"x":0.0,"y":0.0},{"x":0.0,"y":0.0}]
    },
    {
      "SourcePinAddress":{
        "PinID":1581499787,
        "PinOwnerID":1851005100
      },
      "TargetPinAddress":{
        "PinID":0,
        "PinOwnerID":818531776
      },
      "ConnectionType":0,
      "ConnectedWireIndex":-1,
      "ConnectedWireSegmentIndex":-1,
      "Points":[{"x":0.0,"y":0.0},{"x":0.0,"y":0.0}]
    },
    {
      "SourcePinAddress":{
        "PinID":0,
        "PinOwnerID":963688544
      },
      "TargetPinAddress":{
        "PinID":238309098,
        "PinOwnerID":1851005100
      },
      "ConnectionType":0,
      "ConnectedWireIndex":-1,
      "ConnectedWireSegmentIndex":-1,
      "Points":[{"x":0.0,"y":0.0},{"x":-1.3151,"y":1.3125},{"x":-1.3151,"y":2.77344},{"x":0.0,"y":0.0}]
    },
    {
      "SourcePinAddress":{
        "PinID":0,
        "PinOwnerID":963688544
      },
      "TargetPinAddress":{
        "PinID":1902873801,
        "PinOwnerID":1860223935
      },
      "ConnectionType":1,
      "ConnectedWireIndex":5,
      "ConnectedWireSegmentIndex":0,
      "Points":[{"x":-1.35417,"y":1.3125},{"x":-1.35417,"y":1.02865},{"x":0.0,"y":0.0}]
    },
    {
      "SourcePinAddress":{
        "PinID":1581499787,
        "PinOwnerID":1178738255
      },
      "TargetPinAddress":{
        "PinID":464224805,
        "PinOwnerID":1860223935
      },
      "ConnectionType":1,
      "ConnectedWireIndex":2,
      "ConnectedWireSegmentIndex":0,
      "Points":[{"x":-2.51302,"y":3.07292},{"x":-2.51302,"y":0.49479},{"x":0.0,"y":0.0}]
    },
    {
      "SourcePinAddress":{
        "PinID":0,
        "PinOwnerID":776142731
      },
      "TargetPinAddress":{
        "PinID":1902873801,
        "PinOwnerID":887139393
      },
      "ConnectionType":1,
      "ConnectedWireIndex":0,
      "ConnectedWireSegmentIndex":2,
      "Points":[{"x":-4.42689,"y":3.37515},{"x":-4.42689,"y":-0.40365},{"x":0.0,"y":0.0}]
    },
    {
      "SourcePinAddress":{
        "PinID":0,
        "PinOwnerID":1361114240
      },
      "TargetPinAddress":{
        "PinID":464224805,
        "PinOwnerID":887139393
      },
      "ConnectionType":1,
      "ConnectedWireIndex":1,
      "ConnectedWireSegmentIndex":0,
      "Points":[{"x":-4.70052,"y":2.5},{"x":-4.70052,"y":-0.89844},{"x":0.0,"y":0.0}]
    },
    {
      "SourcePinAddress":{
        "PinID":1626355280,
        "PinOwnerID":1860223935
      },
      "TargetPinAddress":{
        "PinID":1604227978,
        "PinOwnerID":18691940
      },
      "ConnectionType":0,
      "ConnectedWireIndex":-1,
      "ConnectedWireSegmentIndex":-1,
      "Points":[{"x":0.0,"y":0.0},{"x":1.45833,"y":0.75},{"x":1.45833,"y":0.3776},{"x":0.0,"y":0.0}]
    },
    {
      "SourcePinAddress":{
        "PinID":1626355280,
        "PinOwnerID":887139393
      },
      "TargetPinAddress":{
        "PinID":1378319451,
        "PinOwnerID":18691940
      },
      "ConnectionType":0,
      "ConnectedWireIndex":-1,
      "ConnectedWireSegmentIndex":-1,
      "Points":[{"x":0.0,"y":0.0},{"x":1.39323,"y":-0.6875},{"x":1.39323,"y":-0.16927},{"x":0.0,"y":0.0}]
    }
  ],
  "Displays": null
}