{
  "DLSVersion": "2.1.6",
  "Name": "Half-Adder",
  "NameLocation": 0,
  "ChipType": 0,
  "Size": {
    "x": 1.625,
    "y": 0.5
  },
  "Colour": {
    "r": 0.109306216,
    "g": 0.0798145756,
    "b": 0.205475315,
    "a": 1
  },
  "InputPins":[
    {
      "Name":"A",
      "ID":2139700375,
      "Position":{
        "x":-4.0,
        "y":3.375
      },
      "BitCount":1,
      "Colour":0,
      "ValueDisplayMode":0
    },
    {
      "Name":"B",
      "ID":2033113492,
      "Position":{
        "x":-4.0,
        "y":1.5625
      },
      "BitCount":1,
      "Colour":0,
      "ValueDisplayMode":0
    }
  ],
  "OutputPins":[
    {
      "Name":"SOMA",
      "ID":1883694099,
      "Position":{
        "x":2.75,
        "y":3.375
      },
      "BitCount":1,
      "Colour":0,
      "ValueDisplayMode":0
    },
    {
      "Name":"CARRY",
      "ID":801847456,
      "Position":{
        "x":2.75,
        "y":1.625
      },
      "BitCount":1,
      "Colour":0,
      "ValueDisplayMode":0
    }
  ],
  "SubChips":[
    {
      "Name":"XOR",
      "ID":987784483,
      "Label":"",
      "Position":{
        "x":-0.8275,
        "y":3.375
      },
      "OutputPinColourInfo":[{"PinColour":0,"PinID":1581499787}],
      "InternalData":null
    },
    {
      "Name":"AND",
      "ID":785237665,
      "Label":"",
      "Position":{
        "x":-0.8275,
        "y":1.625
      },
      "OutputPinColourInfo":[{"PinColour":0,"PinID":1626355280}],
      "InternalData":null
    }
  ],
  "Wires":[
    {
      "SourcePinAddress":{
        "PinID":0,
        "PinOwnerID":2139700375
      },
      "TargetPinAddress":{
        "PinID":1439155703,
        "PinOwnerID":987784483
      },
      "ConnectionType":0,
      "ConnectedWireIndex":-1,
      "ConnectedWireSegmentIndex":-1,
      "Points":[{"x":0.0,"y":0.0},{"x":-2.125,"y":3.375},{"x":-2.125,"y":3.6875},{"x":0.0,"y":0.0}]
    },
    {
      "SourcePinAddress":{
        "PinID":0,
        "PinOwnerID":2033113492
      },
      "TargetPinAddress":{
        "PinID":1902873801,
        "PinOwnerID":785237665
      },
      "ConnectionType":0,
      "ConnectedWireIndex":-1,
      "ConnectedWireSegmentIndex":-1,
      "Points":[{"x":0.0,"y":0.0},{"x":-2.4375,"y":1.5625},{"x":-2.4375,"y":1.875},{"x":0.0,"y":0.0}]
    },
    {
      "SourcePinAddress":{
        "PinID":0,
        "PinOwnerID":2033113492
      },
      "TargetPinAddress":{
        "PinID":238309098,
        "PinOwnerID":987784483
      },
      "ConnectionType":1,
      "ConnectedWireIndex":1,
      "ConnectedWireSegmentIndex":2,
      "Points":[{"x":-1.82292,"y":1.875},{"x":-1.82292,"y":3.0625},{"x":0.0,"y":0.0}]
    },
    {
      "SourcePinAddress":{
        "PinID":0,
        "PinOwnerID":2139700375
      },
      "TargetPinAddress":{
        "PinID":464224805,
        "PinOwnerID":785237665
      },
      "ConnectionType":1,
      "ConnectedWireIndex":0,
      "ConnectedWireSegmentIndex":0,
      "Points":[{"x":-2.20052,"y":3.375},{"x":-2.20052,"y":1.375},{"x":0.0,"y":0.0}]
    },
    {
      "SourcePinAddress":{
        "PinID":1581499787,
        "PinOwnerID":987784483
      },
      "TargetPinAddress":{
        "PinID":0,
        "PinOwnerID":1883694099
      },
      "ConnectionType":0,
      "ConnectedWireIndex":-1,
      "ConnectedWireSegmentIndex":-1,
      "Points":[{"x":0.0,"y":0.0},{"x":0.0,"y":0.0}]
    },
    {
      "SourcePinAddress":{
        "PinID":1626355280,
        "PinOwnerID":785237665
      },
      "TargetPinAddress":{
        "PinID":0,
        "PinOwnerID":801847456
      },
      "ConnectionType":0,
      "ConnectedWireIndex":-1,
      "ConnectedWireSegmentIndex":-1,
      "Points":[{"x":0.0,"y":0.0},{"x":0.0,"y":0.0}]
    }
  ],
  "Displays": null
}