{
  "DLSVersion": "2.1.6",
  "Name": "NOR",
  "NameLocation": 1,
  "ChipType": 0,
  "Size": {
    "x": 0.575,
    "y": 0.75
  },
  "Colour": {
    "r": 1.0,
    "g": 0.0,
    "b": 0.8198395,
    "a": 1
  },
  "InputPins":[
    {
      "Name":"A",
      "ID":1077393401,
      "Position":{
        "x":-6.75,
        "y":1.3125
      },
      "BitCount":1,
      "Colour":0,
      "ValueDisplayMode":0
    },
    {
      "Name":"B",
      "ID":860215989,
      "Position":{
        "x":-6.75,
        "y":-0.5
      },
      "BitCount":1,
      "Colour":0,
      "ValueDisplayMode":0
    }
  ],
  "OutputPins":[
    {
      "Name":"OUT",
      "ID":814380260,
      "Position":{
        "x":0.375,
        "y":0.5
      },
      "BitCount":1,
      "Colour":0,
      "ValueDisplayMode":0
    }
  ],
  "SubChips":[
    {
      "Name":"Not",
      "ID":126015186,
      "Label":"",
      "Position":{
        "x":-4.7025,
        "y":1.3125
      },
      "OutputPinColourInfo":[{"PinColour":0,"PinID":291912624}],
      "InternalData":null
    },
    {
      "Name":"AND",
      "ID":1241323938,
      "Label":"",
      "Position":{
        "x":-3.19336,
        "y":0.48934
      },
      "OutputPinColourInfo":[{"PinColour":0,"PinID":1626355280}],
      "InternalData":null
    },
    {
      "Name":"Not",
      "ID":2117364599,
      "Label":"",
      "Position":{
        "x":-4.7025,
        "y":-0.5
      },
      "OutputPinColourInfo":[{"PinColour":0,"PinID":291912624}],
      "InternalData":null
    }
  ],
  "Wires":[
    {
      "SourcePinAddress":{
        "PinID":0,
        "PinOwnerID":1077393401
      },
      "TargetPinAddress":{
        "PinID":774330116,
        "PinOwnerID":126015186
      },
      "ConnectionType":0,
      "ConnectedWireIndex":-1,
      "ConnectedWireSegmentIndex":-1,
      "Points":[{"x":0.0,"y":0.0},{"x":0.0,"y":0.0}]
    },
    {
      "SourcePinAddress":{
        "PinID":0,
        "PinOwnerID":860215989
      },
      "TargetPinAddress":{
        "PinID":774330116,
        "PinOwnerID":2117364599
      },
      "ConnectionType":0,
      "ConnectedWireIndex":-1,
      "ConnectedWireSegmentIndex":-1,
      "Points":[{"x":0.0,"y":0.0},{"x":0.0,"y":0.0}]
    },
    {
      "SourcePinAddress":{
        "PinID":291912624,
        "PinOwnerID":126015186
      },
      "TargetPinAddress":{
        "PinID":1902873801,
        "PinOwnerID":1241323938
      },
      "ConnectionType":0,
      "ConnectedWireIndex":-1,
      "ConnectedWireSegmentIndex":-1,
      "Points":[{"x":0.0,"y":0.0},{"x":-3.8125,"y":1.3125},{"x":-3.8125,"y":0.75},{"x":0.0,"y":0.0}]
    },
    {
      "SourcePinAddress":{
        "PinID":291912624,
        "PinOwnerID":2117364599
      },
      "TargetPinAddress":{
        "PinID":464224805,
        "PinOwnerID":1241323938
      },
      "ConnectionType":0,
      "ConnectedWireIndex":-1,
      "ConnectedWireSegmentIndex":-1,
      "Points":[{"x":0.0,"y":0.0},{"x":-3.75,"y":-0.5},{"x":-3.75,"y":0.25},{"x":0.0,"y":0.0}]
    },
    {
      "SourcePinAddress":{
        "PinID":1626355280,
        "PinOwnerID":1241323938
      },
      "TargetPinAddress":{
        "PinID":0,
        "PinOwnerID":814380260
      },
      "ConnectionType":0,
      "ConnectedWireIndex":-1,
      "ConnectedWireSegmentIndex":-1,
      "Points":[{"x":0.0,"y":0.0},{"x":0.0,"y":0.0}]
    }
  ],
  "Displays":[]
}