{
  "DLSVersion": "2.1.6",
  "Name": "XOR",
  "NameLocation": 1,
  "ChipType": 0,
  "Size": {
    "x": 0.575,
    "y": 0.875
  },
  "Colour": {
    "r": 0.0,
    "g": 1.0,
    "b": 0.485322952,
    "a": 1
  },
  "InputPins":[
    {
      "Name":"A",
      "ID":1439155703,
      "Position":{
        "x":-7.5,
        "y":2.125
      },
      "BitCount":1,
      "Colour":1,
      "ValueDisplayMode":0
    },
    {
      "Name":"B",
      "ID":238309098,
      "Position":{
        "x":-7.5,
        "y":-0.0625
      },
      "BitCount":1,
      "Colour":4,
      "ValueDisplayMode":0
    }
  ],
  "OutputPins":[
    {
      "Name":"OUT",
      "ID":1581499787,
      "Position":{
        "x":2.51997,
        "y":-0.18544
      },
      "BitCount":1,
      "Colour":0,
      "ValueDisplayMode":0
    }
  ],
  "SubChips":[
    {
      "Name":"AND",
      "ID":79090501,
      "Label":"A positivo?",
      "Position":{
        "x":-1.8275,
        "y":0.5625
      },
      "OutputPinColourInfo":[{"PinColour":0,"PinID":1626355280}],
      "InternalData":null
    },
    {
      "Name":"OR",
      "ID":407525316,
      "Label":"",
      "Position":{
        "x":0.29554,
        "y":-0.16983
      },
      "OutputPinColourInfo":[{"PinColour":0,"PinID":62732537}],
      "InternalData":null
    },
    {
      "Name":"Not",
      "ID":524554350,
      "Label":"",
      "Position":{
        "x":-5.71433,
        "y":2.10924
      },
      "OutputPinColourInfo":[{"PinColour":5,"PinID":291912624}],
      "InternalData":null
    },
    {
      "Name":"Not",
      "ID":1960858177,
      "Label":"",
      "Position":{
        "x":-5.52701,
        "y":-0.10739
      },
      "OutputPinColourInfo":[{"PinColour":3,"PinID":291912624}],
      "InternalData":null
    },
    {
      "Name":"AND",
      "ID":1095623195,
      "Label":"B positivo?",
      "Position":{
        "x":-1.85084,
        "y":-0.83326
      },
      "OutputPinColourInfo":[{"PinColour":0,"PinID":1626355280}],
      "InternalData":null
    },
    {
      "Name":"BUS-TERMINUS-1",
      "ID":181830165,
      "Label":"",
      "Position":{
        "x":-4.70097,
        "y":1.23206
      },
      "OutputPinColourInfo":null,
      "InternalData":[498312762,0]
    },
    {
      "Name":"BUS-1",
      "ID":498312762,
      "Label":"~A",
      "Position":{
        "x":-4.99,
        "y":3.9375
      },
      "OutputPinColourInfo":null,
      "InternalData":[181830165,0]
    },
    {
      "Name":"BUS-1",
      "ID":1100461606,
      "Label":"A",
      "Position":{
        "x":-4.35674,
        "y":3.93561
      },
      "OutputPinColourInfo":null,
      "InternalData":[1206842869,0]
    },
    {
      "Name":"BUS-TERMINUS-1",
      "ID":1206842869,
      "Label":"",
      "Position":{
        "x":-4.0826,
        "y":1.29751
      },
      "OutputPinColourInfo":null,
      "InternalData":[1100461606,0]
    },
    {
      "Name":"BUS-1",
      "ID":969369534,
      "Label":"",
      "Position":{
        "x":-4.74,
        "y":0.875
      },
      "OutputPinColourInfo":null,
      "InternalData":[1835312637,0]
    },
    {
      "Name":"BUS-TERMINUS-1",
      "ID":1835312637,
      "Label":"~B",
      "Position":{
        "x":-4.49,
        "y":-1.6875
      },
      "OutputPinColourInfo":null,
      "InternalData":[969369534,0]
    },
    {
      "Name":"BUS-1",
      "ID":986868459,
      "Label":"",
      "Position":{
        "x":-4.115,
        "y":0.875
      },
      "OutputPinColourInfo":null,
      "InternalData":[64076114,0]
    },
    {
      "Name":"BUS-TERMINUS-1",
      "ID":64076114,
      "Label":"B",
      "Position":{
        "x":-3.865,
        "y":-1.625
      },
      "OutputPinColourInfo":null,
      "InternalData":[986868459,0]
    }
  ],
  "Wires":[
    {
      "SourcePinAddress":{
        "PinID":1,
        "PinOwnerID":498312762
      },
      "TargetPinAddress":{
        "PinID":0,
        "PinOwnerID":181830165
      },
      "ConnectionType":0,
      "ConnectedWireIndex":-1,
      "ConnectedWireSegmentIndex":-1,
      "Points":[{"x":0.0,"y":0.0},{"x":0.0,"y":0.0}]
    },
    {
      "SourcePinAddress":{
        "PinID":0,
        "PinOwnerID":1439155703
      },
      "TargetPinAddress":{
        "PinID":774330116,
        "PinOwnerID":524554350
      },
      "ConnectionType":0,
      "ConnectedWireIndex":-1,
      "ConnectedWireSegmentIndex":-1,
      "Points":[{"x":0.0,"y":0.0},{"x":0.0,"y":0.0}]
    },
    {
      "SourcePinAddress":{
        "PinID":291912624,
        "PinOwnerID":524554350
      },
      "TargetPinAddress":{
        "PinID":0,
        "PinOwnerID":498312762
      },
      "ConnectionType":2,
      "ConnectedWireIndex":0,
      "ConnectedWireSegmentIndex":0,
      "Points":[{"x":0.0,"y":0.0},{"x":-4.84225,"y":2.12495}]
    },
    {
      "SourcePinAddress":{
        "PinID":1,
        "PinOwnerID":1100461606
      },
      "TargetPinAddress":{
        "PinID":0,
        "PinOwnerID":1206842869
      },
      "ConnectionType":0,
      "ConnectedWireIndex":-1,
      "ConnectedWireSegmentIndex":-1,
      "Points":[{"x":0.0,"y":0.0},{"x":0.0,"y":0.0}]
    },
    {
      "SourcePinAddress":{
        "PinID":0,
        "PinOwnerID":1439155703
      },
      "TargetPinAddress":{
        "PinID":0,
        "PinOwnerID":1100461606
      },
      "ConnectionType":2,
      "ConnectedWireIndex":3,
      "ConnectedWireSegmentIndex":0,
      "Points":[{"x":0.0,"y":0.0},{"x":-6.75,"y":2.875},{"x":-4.22008,"y":2.87503}]
    },
    {
      "SourcePinAddress":{
        "PinID":1,
        "PinOwnerID":986868459
      },
      "TargetPinAddress":{
        "PinID":0,
        "PinOwnerID":64076114
      },
      "ConnectionType":0,
      "ConnectedWireIndex":-1,
      "ConnectedWireSegmentIndex":-1,
      "Points":[{"x":0.0,"y":0.0},{"x":0.0,"y":0.0}]
    },
    {
      "SourcePinAddress":{
        "PinID":1,
        "PinOwnerID":969369534
      },
      "TargetPinAddress":{
        "PinID":0,
        "PinOwnerID":1835312637
      },
      "ConnectionType":0,
      "ConnectedWireIndex":-1,
      "ConnectedWireSegmentIndex":-1,
      "Points":[{"x":0.0,"y":0.0},{"x":0.0,"y":0.0}]
    },
    {
      "SourcePinAddress":{
        "PinID":0,
        "PinOwnerID":238309098
      },
      "TargetPinAddress":{
        "PinID":774330116,
        "PinOwnerID":1960858177
      },
      "ConnectionType":0,
      "ConnectedWireIndex":-1,
      "ConnectedWireSegmentIndex":-1,
      "Points":[{"x":0.0,"y":0.0},{"x":0.0,"y":0.0}]
    },
    {
      "SourcePinAddress":{
        "PinID":291912624,
        "PinOwnerID":1960858177
      },
      "TargetPinAddress":{
        "PinID":0,
        "PinOwnerID":969369534
      },
      "ConnectionType":2,
      "ConnectedWireIndex":6,
      "ConnectedWireSegmentIndex":0,
      "Points":[{"x":0.0,"y":0.0},{"x":-4.68407,"y":-0.09959},{"x":-4.61261,"y":-0.09979}]
    },
    {
      "SourcePinAddress":{
        "PinID":0,
        "PinOwnerID":238309098
      },
      "TargetPinAddress":{
        "PinID":0,
        "PinOwnerID":986868459
      },
      "ConnectionType":2,
      "ConnectedWireIndex":5,
      "ConnectedWireSegmentIndex":0,
      "Points":[{"x":0.0,"y":0.0},{"x":-6.75,"y":-0.875},{"x":-3.994,"y":-0.87505}]
    },
    {
      "SourcePinAddress":{
        "PinID":1,
        "PinOwnerID":1100461606
      },
      "TargetPinAddress":{
        "PinID":1902873801,
        "PinOwnerID":79090501
      },
      "ConnectionType":1,
      "ConnectedWireIndex":3,
      "ConnectedWireSegmentIndex":0,
      "Points":[{"x":-4.21959,"y":2.56255},{"x":-2.6875,"y":2.5625},{"x":-2.6875,"y":0.8125},{"x":0.0,"y":0.0}]
    },
    {
      "SourcePinAddress":{
        "PinID":1,
        "PinOwnerID":969369534
      },
      "TargetPinAddress":{
        "PinID":464224805,
        "PinOwnerID":79090501
      },
      "ConnectionType":1,
      "ConnectedWireIndex":6,
      "ConnectedWireSegmentIndex":0,
      "Points":[{"x":-4.60939,"y":0.31237},{"x":0.0,"y":0.0}]
    },
    {
      "SourcePinAddress":{
        "PinID":1,
        "PinOwnerID":498312762
      },
      "TargetPinAddress":{
        "PinID":1902873801,
        "PinOwnerID":1095623195
      },
      "ConnectionType":1,
      "ConnectedWireIndex":0,
      "ConnectedWireSegmentIndex":0,
      "Points":[{"x":-4.83896,"y":1.65672},{"x":-3.0625,"y":1.6875},{"x":-3.0625,"y":-0.5625},{"x":0.0,"y":0.0}]
    },
    {
      "SourcePinAddress":{
        "PinID":1,
        "PinOwnerID":986868459
      },
      "TargetPinAddress":{
        "PinID":464224805,
        "PinOwnerID":1095623195
      },
      "ConnectionType":1,
      "ConnectedWireIndex":5,
      "ConnectedWireSegmentIndex":0,
      "Points":[{"x":-3.9955,"y":-1.06254},{"x":0.0,"y":0.0}]
    },
    {
      "SourcePinAddress":{
        "PinID":1626355280,
        "PinOwnerID":79090501
      },
      "TargetPinAddress":{
        "PinID":1604227978,
        "PinOwnerID":407525316
      },
      "ConnectionType":0,
      "ConnectedWireIndex":-1,
      "ConnectedWireSegmentIndex":-1,
      "Points":[{"x":0.0,"y":0.0},{"x":-0.3125,"y":0.5625},{"x":-0.25,"y":0.0625},{"x":0.0,"y":0.0}]
    },
    {
      "SourcePinAddress":{
        "PinID":1626355280,
        "PinOwnerID":1095623195
      },
      "TargetPinAddress":{
        "PinID":1378319451,
        "PinOwnerID":407525316
      },
      "ConnectionType":0,
      "ConnectedWireIndex":-1,
      "ConnectedWireSegmentIndex":-1,
      "Points":[{"x":0.0,"y":0.0},{"x":-0.3125,"y":-0.9375},{"x":-0.3125,"y":-0.4375},{"x":0.0,"y":0.0}]
    },
    {
      "SourcePinAddress":{
        "PinID":62732537,
        "PinOwnerID":407525316
      },
      "TargetPinAddress":{
        "PinID":0,
        "PinOwnerID":1581499787
      },
      "ConnectionType":0,
      "ConnectedWireIndex":-1,
      "ConnectedWireSegmentIndex":-1,
      "Points":[{"x":0.0,"y":0.0},{"x":0.0,"y":0.0}]
    }
  ],
  "Displays":[]
}