{
  "ProjectName": "ArquiteturaB4",
  "DLSVersion_LastSaved": "2.1.6",
  "DLSVersion_EarliestCompatible": "2.0.0",
  "CreationTime": "2025-10-07T20:08:24.784-03:00",
  "LastSaveTime": "2025-11-02T18:38:52.778-03:00",
  "Prefs_MainPinNamesDisplayMode": 0,
  "Prefs_ChipPinNamesDisplayMode": 2,
  "Prefs_GridDisplayMode": 0,
  "Prefs_Snapping": 0,
  "Prefs_StraightWires": 0,
  "Prefs_SimPaused": false,
  "Prefs_SimTargetStepsPerSecond": 1000,
  "Prefs_SimStepsPerClockTick": 250,
  "AllCustomChipNames":[
    "Not",
    "AND",
    "NOR",
    "OR",
    "XOR",
    "XNOR",
    "Half-Adder",
    "Full-Adder",
    "4-Bit Adder"
  ],
  "StarredList":[
    {
      "Name":"IN/OUT",
      "IsCollection":true
    },
    {
      "Name":"BUS",
      "IsCollection":true
    },
    {
      "Name":"BasicGates",
      "IsCollection":true
    },
    {
      "Name":"Half-Adder",
      "IsCollection":false
    },
    {
      "Name":"Full-Adder",
      "IsCollection":false
    },
    {
      "Name":"MERGE/SPLIT",
      "IsCollection":true
    },
    {
      "Name":"4-Bit Adder",
      "IsCollection":false
    }
  ],
  "ChipCollections":[
    {
      "Chips":["CLOCK","PULSE","KEY","3-STATE BUFFER"],
      "IsToggledOpen":false,
      "Name":"BASIC"
    },
    {
      "Chips":["IN-1","IN-4","IN-8","OUT-1","OUT-4","OUT-8"],
      "IsToggledOpen":true,
      "Name":"IN/OUT"
    },
    {
      "Chips":["1-4BIT","1-8BIT","4-8BIT","4-1BIT","8-4BIT","8-1BIT"],
      "IsToggledOpen":true,
      "Name":"MERGE/SPLIT"
    },
    {
      "Chips":["BUS-1","BUS-4","BUS-8"],
      "IsToggledOpen":false,
      "Name":"BUS"
    },
    {
      "Chips":["7-SEGMENT","DOT DISPLAY","RGB DISPLAY","LED"],
      "IsToggledOpen":false,
      "Name":"DISPLAY"
    },
    {
      "Chips":["ROM 256×16"],
      "IsToggledOpen":false,
      "Name":"MEMORY"
    },
    {
      "Chips":["BUZZER","Half-Adder","Full-Adder"],
      "IsToggledOpen":false,
      "Name":"OTHER"
    },
    {
      "Chips":["Not","AND","NAND","OR","NOR","XOR","XNOR"],
      "IsToggledOpen":true,
      "Name":"BasicGates"
    }
  ]
}